{"precision": 0.0011666666666666665, "recall": 2e-06, "roc_auc": 0.49527569444444447, "tp": [6, 6, 0, 0, 0, 0, 0, 0, 0, 0, 0, 0, 0, 0, 0, 0, 0, 0, 0, 0, 0, 0, 0, 0, 0, 0, 0, 0, 0, 0, 0, 0, 0, 0, 0, 0, 0, 0, 0, 0, 0, 0, 0, 0, 0, 0, 0, 0, 0, 0, 0, 0, 0, 0, 0, 0, 0, 0, 0, 0, 0, 0, 0, 0, 0, 0, 0, 0, 0, 0, 0, 0, 0, 0, 0, 0, 0, 0, 0, 0, 0, 0, 0, 0, 0, 0, 0, 0, 0, 0, 0, 0, 0, 0, 0, 0, 0, 0, 0, 0, 0, 0, 0, 0, 0, 0, 0, 0, 0, 0, 0, 0, 0, 0, 0, 0, 0, 0, 0, 0, 0, 0, 0, 0, 0, 0, 0, 0, 0, 0, 0, 0, 0, 0, 0, 0, 0, 0, 0, 0, 0, 0, 0, 0, 0, 0, 0, 0, 0, 0, 0, 0, 0, 0, 0, 0, 0, 0, 0, 0, 0, 0, 0, 0, 0, 0, 0, 0, 0, 0, 0, 0, 0, 0, 0, 0, 0, 0, 0, 0, 0, 0, 0, 0, 0, 0, 0, 0, 0, 0, 0, 0, 0, 0, 0, 0, 0, 0, 0, 0, 0, 0, 0, 0, 0, 0, 0, 0, 0, 0, 0, 0, 0, 0, 0, 0, 0, 0, 0, 0, 0, 0, 0, 0, 0, 0, 0, 0, 0, 0, 0, 0, 0, 0, 0, 0, 0, 0, 0, 0, 0, 0, 0, 0, 0, 0, 0, 0, 0, 0, 0, 0, 0, 0, 0, 0, 0, 0, 0, 0, 0, 0, 0, 0, 0, 0, 0, 0, 0, 0, 0, 0, 0, 0, 0, 0, 0, 0, 0, 0, 0, 0, 0, 0, 0, 0, 0, 0, 0, 0, 0, 0, 0, 0, 0, 0, 0, 0, 0, 0, 0, 0, 0, 0, 0, 0, 0, 0, 0, 0, 0, 0, 0, 0, 0, 0, 0, 0, 0, 0, 0, 0, 0, 0, 0, 0, 0, 0, 0, 0, 0, 0, 0, 0, 0, 0, 0, 0, 0, 0, 0, 0, 0, 0, 0, 0, 0, 0, 0, 0, 0, 0, 0, 0, 0, 0, 0, 0, 0, 0, 0, 0, 0, 0, 0, 0, 0, 0, 0, 0, 0, 0, 0, 0, 0, 0, 0, 0, 0, 0, 0, 0, 0, 0, 0, 0, 0, 0, 0, 0, 0, 0, 0, 0, 0, 0, 0, 0, 0, 0, 0, 0, 0, 0, 0, 0, 0, 0, 0, 0, 0, 0, 0, 0, 0, 0, 0, 0, 0, 0, 0, 0, 0, 0, 0, 0, 0, 0, 0, 0, 0, 0, 0, 0, 0, 0, 0, 0, 0, 0, 0, 0, 0, 0, 0, 0, 0, 0, 0, 0, 0, 0, 0, 0, 0, 0, 0, 0, 0, 0, 0, 0, 0, 0, 0, 0, 0, 0, 0, 0, 0, 0, 0, 0, 0, 0, 0, 0, 0, 0, 0, 0, 0, 0, 0, 0, 0, 0, 0, 0, 0, 0, 0, 0, 0, 0, 0, 0, 0, 0, 0, 0, 0, 0, 0, 0, 0, 0, 0, 0, 0, 0, 0, 0, 0, 0, 0, 0, 0, 0, 0, 0, 0, 0, 0, 0, 0, 0, 0, 0, 0, 0, 0, 0, 0, 0, 0, 0, 0, 0, 0, 0, 0, 0, 0, 0, 0, 0, 0, 0, 0, 0, 0, 0, 0, 0, 0, 0, 0, 0, 0, 0, 0, 0, 0, 0, 0, 0, 0, 0, 0, 0, 0, 0, 0, 0, 0, 0, 0, 0, 0, 0, 0, 0, 0, 0, 0, 0, 0, 0, 0, 0, 0, 0, 0, 0, 0, 0, 0, 0, 0, 0, 0, 0, 0, 0, 0, 0, 0, 0, 0, 0, 0, 0, 0, 0, 0, 0, 0, 0, 0, 0, 0, 0, 0, 0, 0, 0, 0, 0, 0, 0, 0, 0, 0, 0, 0, 0, 0, 0, 0, 0, 0, 0, 0, 0, 0, 0, 0, 0, 0, 0, 0, 0, 0, 0, 0, 0, 0, 0, 0, 0, 0, 0, 0, 0, 0, 0, 0, 0, 0, 0, 0, 0, 0, 0, 0, 0, 0, 0, 0, 0, 0, 0, 0, 0, 0, 0, 0, 0, 0, 0, 0, 0, 0, 0, 0, 0, 0, 0, 0, 0, 0, 0, 0, 0, 0, 0, 0, 0, 0, 0, 0, 0, 0, 0, 0, 0, 0, 0, 0, 0, 0, 0, 0, 0, 0, 0, 0, 0, 0, 0, 0, 0, 0, 0, 0, 0, 0, 0, 0, 0, 0, 0, 0, 0, 0, 0, 0, 0, 0, 0, 0, 0, 0, 0, 0, 0, 0, 0, 0, 0, 0, 0, 0, 0, 0, 0, 0, 0, 0, 0, 0, 0, 0, 0, 0, 0, 0, 0, 0, 0, 0, 0, 0, 0, 0, 0, 0, 0, 0, 0, 0, 0, 0, 0, 0, 0, 0, 0, 0, 0, 0, 0, 0, 0, 0, 0, 0, 0, 0, 0, 0, 0, 0, 0, 0, 0, 0, 0, 0, 0, 0, 0, 0, 0, 0, 0, 0, 0, 0, 0, 0, 0, 0, 0, 0, 0, 0, 0, 0, 0, 0, 0, 0, 0, 0, 0, 0, 0, 0, 0, 0, 0, 0, 0, 0, 0, 0, 0, 0, 0, 0, 0, 0, 0, 0, 0, 0, 0, 0, 0, 0, 0, 0, 0, 0, 0, 0, 0, 0, 0, 0, 0, 0, 0, 0, 0, 0, 0, 0, 0, 0, 0, 0, 0, 0, 0, 0, 0, 0, 0, 0, 0, 0, 0, 0, 0, 0, 0, 0, 0, 0, 0, 0, 0, 0, 0, 0, 0, 0, 0, 0, 0, 0, 0, 0, 0, 0, 0, 0, 0, 0, 0, 0, 0, 0, 0, 0, 0, 0, 0, 0, 0, 0, 0, 0, 0, 0, 0, 0, 0, 0, 0, 0, 0, 0, 0, 0, 0, 0, 0, 0, 0, 0, 0, 0, 0, 0, 0, 0, 0, 0, 0, 0, 0, 0, 0, 0, 0, 0, 0, 0, 0, 0, 0, 0, 0, 0, 0, 0, 0, 0, 0, 0, 0, 0, 0, 0, 0], "fp": [6, 3, 13, 15, 11, 13, 13, 16, 13, 15, 11, 13, 11, 11, 9, 12, 13, 9, 11, 12, 10, 11, 12, 14, 11, 12, 15, 8, 9, 10, 9, 16, 11, 15, 18, 14, 15, 14, 11, 10, 15, 17, 10, 9, 9, 11, 7, 10, 13, 10, 12, 11, 9, 7, 15, 9, 10, 11, 14, 10, 13, 5, 7, 12, 10, 11, 22, 14, 10, 13, 15, 11, 14, 11, 11, 8, 10, 14, 17, 17, 12, 14, 10, 14, 11, 10, 17, 12, 12, 11, 13, 11, 13, 10, 15, 12, 12, 12, 11, 14, 15, 12, 14, 12, 9, 14, 14, 17, 13, 16, 9, 15, 11, 12, 15, 8, 8, 11, 9, 14, 8, 11, 7, 14, 13, 12, 12, 11, 13, 13, 13, 11, 12, 14, 11, 12, 12, 14, 14, 12, 12, 13, 10, 16, 11, 12, 14, 11, 12, 14, 12, 16, 9, 13, 13, 7, 14, 14, 9, 18, 14, 7, 14, 11, 9, 9, 13, 7, 9, 14, 9, 6, 6, 13, 13, 10, 14, 10, 14, 12, 11, 13, 15, 19, 20, 8, 15, 13, 9, 15, 13, 9, 13, 13, 15, 9, 8, 11, 10, 9, 15, 12, 16, 13, 16, 12, 12, 17, 10, 15, 11, 18, 12, 14, 13, 9, 13, 12, 10, 12, 9, 18, 9, 12, 11, 14, 13, 8, 13, 16, 8, 14, 16, 21, 19, 12, 9, 12, 14, 8, 10, 9, 4, 9, 11, 15, 10, 12, 12, 10, 10, 11, 13, 12, 10, 9, 17, 12, 14, 15, 13, 14, 9, 8, 12, 14, 16, 18, 14, 12, 14, 7, 12, 9, 13, 11, 15, 8, 12, 13, 15, 11, 9, 13, 11, 10, 11, 12, 15, 10, 10, 10, 12, 14, 12, 14, 9, 13, 17, 13, 14, 17, 11, 8, 10, 21, 9, 12, 10, 7, 11, 13, 7, 13, 18, 12, 14, 16, 13, 11, 15, 10, 12, 12, 11, 13, 13, 15, 13, 15, 13, 15, 15, 14, 13, 12, 15, 14, 11, 13, 11, 5, 21, 14, 10, 9, 14, 12, 13, 9, 9, 11, 11, 19, 14, 10, 5, 14, 11, 14, 13, 13, 13, 14, 13, 10, 10, 14, 11, 14, 12, 7, 12, 13, 11, 7, 13, 12, 5, 14, 14, 5, 12, 7, 10, 5, 11, 12, 12, 11, 12, 12, 12, 11, 12, 5, 12, 11, 7, 11, 13, 7, 7, 11, 13, 10, 9, 11, 11, 13, 11, 17, 13, 6, 8, 6, 12, 13, 11, 14, 14, 10, 9, 12, 13, 14, 12, 8, 9, 11, 12, 14, 15, 15, 11, 13, 17, 12, 9, 12, 7, 10, 11, 14, 12, 9, 14, 7, 11, 12, 12, 13, 11, 16, 9, 10, 15, 9, 13, 10, 13, 12, 12, 13, 12, 12, 13, 15, 12, 14, 21, 11, 12, 9, 10, 14, 13, 8, 13, 7, 12, 9, 5, 10, 10, 13, 9, 17, 5, 20, 13, 8, 12, 8, 11, 12, 16, 12, 11, 6, 11, 12, 13, 12, 7, 13, 7, 12, 11, 16, 14, 17, 9, 8, 8, 5, 12, 16, 12, 11, 13, 8, 11, 7, 11, 10, 14, 12, 11, 14, 12, 8, 11, 17, 14, 9, 9, 15, 13, 11, 13, 12, 7, 11, 16, 10, 15, 11, 19, 19, 13, 17, 13, 10, 18, 19, 9, 13, 9, 12, 13, 14, 12, 12, 12, 16, 12, 14, 13, 9, 13, 9, 17, 15, 13, 9, 11, 14, 11, 7, 16, 14, 13, 13, 16, 8, 11, 9, 13, 8, 12, 9, 8, 12, 11, 16, 10, 13, 10, 12, 11, 18, 17, 11, 12, 8, 8, 12, 11, 12, 13, 17, 13, 7, 8, 10, 9, 13, 17, 21, 6, 14, 13, 9, 10, 13, 13, 8, 14, 9, 12, 16, 8, 6, 10, 6, 17, 15, 12, 10, 13, 9, 10, 12, 13, 13, 14, 11, 13, 12, 12, 12, 18, 12, 17, 13, 13, 15, 11, 16, 11, 10, 14, 14, 11, 10, 16, 9, 11, 17, 14, 11, 11, 9, 10, 6, 12, 15, 11, 17, 11, 15, 13, 7, 9, 13, 8, 13, 10, 12, 8, 11, 12, 12, 13, 11, 15, 17, 17, 9, 10, 15, 6, 6, 10, 13, 11, 10, 10, 12, 13, 16, 15, 14, 9, 11, 14, 11, 11, 15, 6, 18, 7, 11, 14, 14, 12, 13, 8, 8, 12, 7, 10, 8, 8, 17, 13, 9, 17, 13, 7, 14, 11, 15, 5, 11, 11, 5, 16, 13, 14, 9, 15, 11, 10, 13, 11, 13, 11, 15, 15, 7, 9, 15, 13, 14, 15, 9, 12, 12, 13, 11, 9, 13, 14, 15, 18, 23, 5, 12, 16, 16, 11, 8, 11, 11, 13, 10, 9, 15, 10, 13, 6, 17, 10, 13, 13, 9, 14, 14, 11, 9, 13, 12, 10, 14, 13, 14, 9, 13, 11, 9, 8, 9, 13, 17, 11, 12, 19, 14, 11, 9, 8, 13, 20, 8, 12, 11, 14, 15, 13, 18, 11, 12, 15, 14, 8, 12, 8, 12, 16, 8, 9, 13, 14, 5, 13, 14, 17, 10, 10, 11, 10, 13, 17, 11, 12, 13, 10, 12, 13, 11, 14, 14, 12, 13, 12, 14, 11, 13, 17, 12, 12, 13, 12, 11, 15, 15, 8, 10, 13, 14, 10, 13, 18, 20, 11, 8, 11, 8, 12, 9, 8, 17, 18, 16, 15, 11, 9, 7, 10, 13, 12, 22, 24, 10, 5, 8, 8, 8, 11, 21, 8, 18, 10, 9, 14, 6, 11, 12, 10, 21, 16, 12, 10, 14, 19, 14, 9, 8, 20, 15, 14, 12, 13, 6, 14, 13, 12, 13, 12, 11, 14, 7, 7, 15, 13, 12, 12, 16, 20, 10, 13, 9, 10, 12, 9, 13, 12, 17, 9, 18, 14, 11, 7, 9, 11, 10, 10, 9, 9, 9, 11, 13, 14, 22, 13, 22, 12, 17, 18, 10, 6, 17, 14, 10, 12, 11, 14, 11, 11, 12, 14, 17, 10, 13, 8, 14, 9, 8],