{"precision": 0.0005178571428571428, "recall": 1.1741955685807192e-06, "roc_auc": 0.5074084070231228, "tp": [1, 6, 0, 0, 0, 0, 0, 0, 0, 0, 0, 0, 0, 0, 0, 0, 0, 0, 0, 0, 0, 0, 0, 0, 0, 0, 0, 0, 0, 0, 0, 0, 0, 0, 0, 0, 0, 0, 0, 0, 0, 0, 0, 0, 0, 0, 0, 0, 0, 0, 0, 0, 0, 0, 0, 0, 0, 0, 0, 0, 0, 0, 0, 0, 0, 0, 0, 0, 0, 0, 0, 0, 0, 0, 0, 0, 0, 0, 0, 0, 0, 0, 0, 0, 0, 0, 0, 0, 0, 0, 0, 0, 0, 0, 0, 0, 0, 0, 0, 0, 0, 0, 0, 0, 0, 0, 0, 0, 0, 0, 0, 0, 0, 0, 0, 0, 0, 0, 0, 0, 0, 0, 0, 0, 0, 0, 0, 0, 0, 0, 0, 0, 0, 0, 0, 0, 0, 0, 0, 0, 0, 0, 0, 0, 0, 0, 0, 0, 0, 0, 0, 0, 0, 0, 0, 0, 0, 0, 0, 0, 0, 0, 0, 0, 0, 0, 0, 0, 0, 0, 0, 0, 0, 0, 0, 0, 0, 0, 0, 0, 0, 0, 0, 0, 0, 0, 0, 0, 0, 0, 0, 0, 0, 0, 0, 0, 0, 0, 0, 0, 0, 0, 0, 0, 0, 0, 0, 0, 0, 0, 0, 0, 0, 0, 0, 0, 0, 0, 0, 0, 0, 0, 0, 0, 0, 0, 0, 0, 0, 0, 0, 0, 0, 0, 0, 0, 0, 0, 0, 0, 0, 0, 0, 0, 0, 0, 0, 0, 0, 0, 0, 0, 0, 0, 0, 0, 0, 0, 0, 0, 0, 0, 0, 0, 0, 0, 0, 0, 0, 0, 0, 0, 0, 0, 0, 0, 0, 0, 0, 0, 0, 0, 0, 0, 0, 0, 0, 0, 0, 0, 0, 0, 0, 0, 0, 0, 0, 0, 0, 0, 0, 0, 0, 0, 0, 0, 0, 0, 0, 0, 0, 0, 0, 0, 0, 0, 0, 0, 0, 0, 0, 0, 0, 0, 0, 0, 0, 0, 0, 0, 0, 0, 0, 0, 0, 0, 0, 0, 0, 0, 0, 0, 0, 0, 0, 0, 0, 0, 0, 0, 0, 0, 0, 0, 0, 0, 0, 0, 0, 0, 0, 0, 0, 0, 0, 0, 0, 0, 0, 0, 0, 0, 0, 0, 0, 0, 0, 0, 0, 0, 0, 0, 0, 0, 0, 0, 0, 0, 0, 0, 0, 0, 0, 0, 0, 0, 0, 0, 0, 0, 0, 0, 0, 0, 0, 0, 0, 0, 0, 0, 0, 0, 0, 0, 0, 0, 0, 0, 0, 0, 0, 0, 0, 0, 0, 0, 0, 0, 0, 0, 0, 0, 0, 0, 0, 0, 0, 0, 0, 0, 0, 0, 0, 0, 0, 0, 0, 0, 0, 0, 0, 0, 0, 0, 0, 0, 0, 0, 0, 0, 0, 0, 0, 0, 0, 0, 0, 0, 0, 0, 0, 0, 0, 0, 0, 0, 0, 0, 0, 0, 0, 0, 0, 0, 0, 0, 0, 0, 0, 0, 0, 0, 0, 0, 0, 0, 0, 0, 0, 0, 0, 0, 0, 0, 0, 0, 0, 0, 0, 0, 0, 0, 0, 0, 0, 0, 0, 0, 0, 0, 0, 0, 0, 0, 0, 0, 0, 0, 0, 0, 0, 0, 0, 0, 0, 0, 0, 0, 0, 0, 0, 0, 0, 0, 0, 0, 0, 0, 0, 0, 0, 0, 0, 0, 0, 0, 0, 0, 0, 0, 0, 0, 0, 0, 0, 0, 0, 0, 0, 0, 0, 0, 0, 0, 0, 0, 0, 0, 0, 0, 0, 0, 0, 0, 0, 0, 0, 0, 0, 0, 0, 0, 0, 0, 0, 0, 0, 0, 0, 0, 0, 0, 0, 0, 0, 0, 0, 0, 0, 0, 0, 0, 0, 0, 0, 0, 0, 0, 0, 0, 0, 0, 0, 0, 0, 0, 0, 0, 0, 0, 0, 0, 0, 0, 0, 0, 0, 0, 0, 0, 0, 0, 0, 0, 0, 0, 0, 0, 0, 0, 0, 0, 0, 0, 0, 0, 0, 0, 0, 0, 0, 0, 0, 0, 0, 0, 0, 0, 0, 0, 0, 0, 0, 0, 0, 0, 0, 0, 0, 0, 0, 0, 0, 0, 0, 0, 0, 0, 0, 0, 0, 0, 0, 0, 0, 0, 0, 0, 0, 0, 0, 0, 0, 0, 0, 0, 0, 0, 0, 0, 0, 0, 0, 0, 0, 0, 0, 0, 0, 0, 0, 0, 0, 0, 0, 0, 0, 0, 0, 0, 0, 0, 0, 0, 0, 0, 0, 0, 0, 0, 0, 0, 0, 0, 0, 0, 0, 0, 0, 0, 0, 0, 0, 0, 0, 0, 0, 0, 0, 0, 0, 0, 0, 0, 0, 0, 0, 0, 0, 0, 0, 0, 0, 0, 0, 0, 0, 0, 0, 0, 0, 0, 0, 0, 0, 0, 0, 0, 0, 0, 0, 0, 0, 0, 0, 0, 0, 0, 0, 0, 0, 0, 0, 0, 0, 0, 0, 0, 0, 0, 0, 0, 0, 0, 0, 0, 0, 0, 0, 0, 0, 0, 0, 0, 0, 0, 0, 0, 0, 0, 0, 0, 0, 0, 0, 0, 0, 0, 0, 0, 0, 0, 0, 0, 0, 0, 0, 0, 0, 0, 0, 0, 0, 0, 0, 0, 0, 0, 0, 0, 0, 0, 0, 0, 0, 0, 0, 0, 0, 0, 0, 0, 0, 0, 0, 0, 0, 0, 0, 0, 0, 0, 0, 0, 0, 0, 0, 0, 0, 0, 0, 0, 0, 0, 0, 0, 0, 0, 0, 0, 0, 0, 0, 0, 0, 0, 0, 0, 0, 0, 0, 0, 0, 0, 0, 0, 0, 0, 0, 0, 0, 0, 0, 0, 0, 0, 0, 0, 0, 0, 0, 0, 0, 0, 0, 0, 0, 0, 0, 0, 0, 0, 0, 0, 0, 0, 0, 0, 0, 0, 0, 0, 0, 0, 0, 0, 0, 0, 0, 0, 0, 0, 0, 0, 0, 0, 0, 0, 0, 0, 0, 0, 0, 0, 0, 0, 0, 0, 0, 0, 0, 0, 0, 0, 0, 0, 0, 0, 0, 0, 0, 0, 0, 0, 0, 0, 0, 0, 0, 0], "fp": [6, 10, 17, 20, 14, 26, 9, 12, 12, 12, 12, 12, 12, 12, 12, 11, 13, 12, 15, 12, 6, 7, 13, 13, 12, 14, 10, 7, 12, 13, 7, 17, 20, 10, 6, 17, 15, 12, 21, 13, 13, 14, 8, 6, 10, 10, 13, 11, 16, 11, 11, 15, 10, 13, 14, 5, 12, 14, 12, 15, 13, 8, 15, 11, 14, 12, 12, 5, 20, 9, 17, 12, 15, 22, 8, 11, 12, 6, 9, 16, 15, 13, 8, 13, 11, 11, 17, 12, 12, 13, 13, 11, 13, 13, 12, 8, 13, 13, 13, 12, 12, 16, 11, 7, 12, 13, 10, 22, 14, 11, 8, 24, 17, 17, 12, 19, 6, 18, 14, 17, 11, 7, 9, 13, 11, 13, 10, 12, 11, 12, 11, 12, 12, 13, 6, 12, 13, 12, 12, 12, 11, 12, 14, 14, 15, 12, 14, 10, 14, 9, 12, 12, 7, 18, 11, 13, 8, 11, 10, 17, 5, 12, 16, 6, 7, 13, 28, 12, 8, 8, 9, 11, 15, 10, 8, 8, 9, 8, 12, 11, 20, 6, 5, 6, 11, 11, 8, 37, 10, 15, 10, 10, 8, 12, 8, 12, 17, 5, 24, 9, 12, 6, 7, 20, 10, 14, 7, 29, 33, 6, 13, 11, 7, 17, 5, 9, 10, 37, 23, 15, 14, 8, 5, 10, 9, 10, 5, 17, 6, 6, 13, 9, 38, 7, 11, 17, 28, 12, 10, 15, 12, 7, 19, 12, 8, 9, 29, 10, 33, 7, 9, 16, 9, 10, 12, 6, 7, 8, 16, 14, 8, 8, 6, 11, 15, 8, 11, 15, 8, 16, 11, 9, 10, 12, 9, 13, 10, 13, 10, 12, 13, 37, 5, 17, 14, 67, 12, 16, 12, 12, 13, 14, 18, 12, 11, 19, 12, 10, 11, 12, 14, 14, 18, 13, 15, 6, 13, 12, 14, 11, 15, 13, 11, 17, 10, 10, 13, 13, 11, 8, 17, 18, 13, 14, 13, 17, 13, 14, 11, 6, 10, 15, 15, 18, 13, 13, 11, 10, 11, 10, 12, 13, 9, 11, 14, 8, 13, 12, 9, 11, 9, 14, 8, 21, 13, 15, 12, 9, 10, 14, 13, 10, 12, 11, 12, 12, 13, 12, 13, 7, 11, 6, 8, 24, 8, 13, 12, 14, 12, 17, 11, 5, 9, 7, 13, 14, 10, 11, 12, 8, 10, 5, 7, 15, 4, 6, 13, 8, 9, 6, 5, 7, 14, 7, 9, 14, 14, 15, 5, 31, 8, 6, 9, 7, 14, 11, 8, 19, 19, 7, 8, 13, 6, 8, 7, 15, 6, 19, 10, 5, 7, 7, 9, 10, 12, 7, 20, 12, 8, 7, 17, 13, 11, 9, 7, 6, 13, 15, 17, 13, 6, 9, 10, 22, 13, 11, 8, 14, 11, 5, 11, 12, 7, 14, 16, 8, 7, 8, 14, 16, 18, 11, 9, 11, 7, 14, 8, 17, 5, 14, 10, 8, 7, 11, 10, 18, 8, 14, 19, 11, 13, 7, 10, 13, 23, 6, 17, 14, 12, 7, 11, 8, 11, 11, 17, 12, 15, 11, 15, 11, 15, 14, 9, 13, 8, 8, 8, 18, 29, 7, 8, 6, 11, 7, 11, 7, 18, 7, 14, 10, 9, 11, 15, 13, 9, 9, 6, 9, 10, 5, 14, 9, 9, 11, 9, 16, 15, 8, 9, 20, 19, 11, 9, 14, 10, 10, 4, 10, 10, 12, 6, 6, 11, 18, 6, 16, 11, 18, 7, 15, 10, 11, 14, 7, 12, 8, 6, 11, 7, 12, 14, 8, 16, 7, 17, 8, 7, 9, 8, 9, 7, 10, 8, 9, 7, 9, 9, 6, 7, 13, 19, 13, 10, 12, 6, 10, 7, 16, 8, 16, 23, 7, 9, 10, 10, 6, 16, 6, 8, 26, 7, 14, 7, 8, 15, 12, 15, 15, 11, 5, 8, 9, 19, 11, 13, 13, 29, 15, 5, 4, 12, 14, 7, 13, 20, 10, 12, 7, 15, 11, 17, 13, 8, 10, 13, 9, 8, 7, 7, 9, 11, 12, 9, 9, 12, 11, 9, 7, 12, 7, 18, 19, 11, 12, 8, 10, 8, 10, 7, 20, 16, 12, 13, 7, 9, 12, 15, 17, 12, 4, 11, 8, 22, 9, 9, 17, 14, 11, 18, 6, 9, 18, 3, 21, 7, 14, 12, 5, 10, 11, 7, 20, 6, 13, 8, 6, 14, 13, 14, 15, 11, 17, 20, 16, 10, 15, 7, 7, 9, 7, 13, 10, 22, 24, 16, 6, 9, 15, 32, 9, 8, 13, 10, 15, 7, 14, 11, 9, 10, 11, 14, 13, 7, 10, 6, 14, 12, 13, 11, 10, 19, 14, 21, 5, 8, 13, 8, 10, 5, 9, 8, 10, 8, 5, 9, 9, 9, 15, 10, 12, 15, 6, 10, 12, 12, 7, 12, 15, 7, 10, 16, 8, 10, 7, 14, 3, 12, 5, 6, 11, 9, 11, 9, 18, 17, 17, 7, 16, 5, 13, 8, 12, 10, 6, 12, 9, 10, 18, 27, 8, 14, 14, 6, 11, 11, 20, 7, 15, 10, 14, 9, 18, 11, 9, 9, 8, 17, 13, 6, 17, 10, 4, 15, 11, 23, 7, 8, 8, 14, 15, 16, 19, 9, 12, 15, 10, 20, 9, 10, 7, 12, 17, 6, 11, 11, 14, 18, 24, 7, 9, 14, 7, 11, 12, 13, 9, 8, 8, 11, 13, 11, 22, 7, 22, 8, 9, 17, 4, 12, 9, 7, 8, 16, 4, 20, 14, 18, 9, 11, 7, 12, 13, 18, 5, 14, 17, 3, 14, 10, 6, 13, 18, 9, 12, 7, 10, 37, 10, 10, 16, 17, 13, 15, 21, 12, 14, 15, 11, 10, 10, 20, 11, 16, 12, 12, 11, 17, 10, 14, 14, 15, 11, 12, 12, 15, 15, 7, 13, 8, 11, 10, 12, 12, 12, 11, 13, 7, 11, 13, 15, 23, 14, 11, 11, 17, 13, 19, 16, 15, 9, 25, 16, 14, 15, 15, 43, 16, 9, 24, 19, 16, 7, 8, 9, 13, 14, 12, 8, 10, 14, 10, 13, 15, 7, 8, 8, 11, 10, 10, 8],