{"precision": 0.0011842105263157893, "recall": 3e-06, "roc_auc": 0.49977090277777775, "tp": [13, 5, 0, 0, 0, 0, 0, 0, 0, 0, 0, 0, 0, 0, 0, 0, 0, 0, 0, 0, 0, 0, 0, 0, 0, 0, 0, 0, 0, 0, 0, 0, 0, 0, 0, 0, 0, 0, 0, 0, 0, 0, 0, 0, 0, 0, 0, 0, 0, 0, 0, 0, 0, 0, 0, 0, 0, 0, 0, 0, 0, 0, 0, 0, 0, 0, 0, 0, 0, 0, 0, 0, 0, 0, 0, 0, 0, 0, 0, 0, 0, 0, 0, 0, 0, 0, 0, 0, 0, 0, 0, 0, 0, 0, 0, 0, 0, 0, 0, 0, 0, 0, 0, 0, 0, 0, 0, 0, 0, 0, 0, 0, 0, 0, 0, 0, 0, 0, 0, 0, 0, 0, 0, 0, 0, 0, 0, 0, 0, 0, 0, 0, 0, 0, 0, 0, 0, 0, 0, 0, 0, 0, 0, 0, 0, 0, 0, 0, 0, 0, 0, 0, 0, 0, 0, 0, 0, 0, 0, 0, 0, 0, 0, 0, 0, 0, 0, 0, 0, 0, 0, 0, 0, 0, 0, 0, 0, 0, 0, 0, 0, 0, 0, 0, 0, 0, 0, 0, 0, 0, 0, 0, 0, 0, 0, 0, 0, 0, 0, 0, 0, 0, 0, 0, 0, 0, 0, 0, 0, 0, 0, 0, 0, 0, 0, 0, 0, 0, 0, 0, 0, 0, 0, 0, 0, 0, 0, 0, 0, 0, 0, 0, 0, 0, 0, 0, 0, 0, 0, 0, 0, 0, 0, 0, 0, 0, 0, 0, 0, 0, 0, 0, 0, 0, 0, 0, 0, 0, 0, 0, 0, 0, 0, 0, 0, 0, 0, 0, 0, 0, 0, 0, 0, 0, 0, 0, 0, 0, 0, 0, 0, 0, 0, 0, 0, 0, 0, 0, 0, 0, 0, 0, 0, 0, 0, 0, 0, 0, 0, 0, 0, 0, 0, 0, 0, 0, 0, 0, 0, 0, 0, 0, 0, 0, 0, 0, 0, 0, 0, 0, 0, 0, 0, 0, 0, 0, 0, 0, 0, 0, 0, 0, 0, 0, 0, 0, 0, 0, 0, 0, 0, 0, 0, 0, 0, 0, 0, 0, 0, 0, 0, 0, 0, 0, 0, 0, 0, 0, 0, 0, 0, 0, 0, 0, 0, 0, 0, 0, 0, 0, 0, 0, 0, 0, 0, 0, 0, 0, 0, 0, 0, 0, 0, 0, 0, 0, 0, 0, 0, 0, 0, 0, 0, 0, 0, 0, 0, 0, 0, 0, 0, 0, 0, 0, 0, 0, 0, 0, 0, 0, 0, 0, 0, 0, 0, 0, 0, 0, 0, 0, 0, 0, 0, 0, 0, 0, 0, 0, 0, 0, 0, 0, 0, 0, 0, 0, 0, 0, 0, 0, 0, 0, 0, 0, 0, 0, 0, 0, 0, 0, 0, 0, 0, 0, 0, 0, 0, 0, 0, 0, 0, 0, 0, 0, 0, 0, 0, 0, 0, 0, 0, 0, 0, 0, 0, 0, 0, 0, 0, 0, 0, 0, 0, 0, 0, 0, 0, 0, 0, 0, 0, 0, 0, 0, 0, 0, 0, 0, 0, 0, 0, 0, 0, 0, 0, 0, 0, 0, 0, 0, 0, 0, 0, 0, 0, 0, 0, 0, 0, 0, 0, 0, 0, 0, 0, 0, 0, 0, 0, 0, 0, 0, 0, 0, 0, 0, 0, 0, 0, 0, 0, 0, 0, 0, 0, 0, 0, 0, 0, 0, 0, 0, 0, 0, 0, 0, 0, 0, 0, 0, 0, 0, 0, 0, 0, 0, 0, 0, 0, 0, 0, 0, 0, 0, 0, 0, 0, 0, 0, 0, 0, 0, 0, 0, 0, 0, 0, 0, 0, 0, 0, 0, 0, 0, 0, 0, 0, 0, 0, 0, 0, 0, 0, 0, 0, 0, 0, 0, 0, 0, 0, 0, 0, 0, 0, 0, 0, 0, 0, 0, 0, 0, 0, 0, 0, 0, 0, 0, 0, 0, 0, 0, 0, 0, 0, 0, 0, 0, 0, 0, 0, 0, 0, 0, 0, 0, 0, 0, 0, 0, 0, 0, 0, 0, 0, 0, 0, 0, 0, 0, 0, 0, 0, 0, 0, 0, 0, 0, 0, 0, 0, 0, 0, 0, 0, 0, 0, 0, 0, 0, 0, 0, 0, 0, 0, 0, 0, 0, 0, 0, 0, 0, 0, 0, 0, 0, 0, 0, 0, 0, 0, 0, 0, 0, 0, 0, 0, 0, 0, 0, 0, 0, 0, 0, 0, 0, 0, 0, 0, 0, 0, 0, 0, 0, 0, 0, 0, 0, 0, 0, 0, 0, 0, 0, 0, 0, 0, 0, 0, 0, 0, 0, 0, 0, 0, 0, 0, 0, 0, 0, 0, 0, 0, 0, 0, 0, 0, 0, 0, 0, 0, 0, 0, 0, 0, 0, 0, 0, 0, 0, 0, 0, 0, 0, 0, 0, 0, 0, 0, 0, 0, 0, 0, 0, 0, 0, 0, 0, 0, 0, 0, 0, 0, 0, 0, 0, 0, 0, 0, 0, 0, 0, 0, 0, 0, 0, 0, 0, 0, 0, 0, 0, 0, 0, 0, 0, 0, 0, 0, 0, 0, 0, 0, 0, 0, 0, 0, 0, 0, 0, 0, 0, 0, 0, 0, 0, 0, 0, 0, 0, 0, 0, 0, 0, 0, 0, 0, 0, 0, 0, 0, 0, 0, 0, 0, 0, 0, 0, 0, 0, 0, 0, 0, 0, 0, 0, 0, 0, 0, 0, 0, 0, 0, 0, 0, 0, 0, 0, 0, 0, 0, 0, 0, 0, 0, 0, 0, 0, 0, 0, 0, 0, 0, 0, 0, 0, 0, 0, 0, 0, 0, 0, 0, 0, 0, 0, 0, 0, 0, 0, 0, 0, 0, 0, 0, 0, 0, 0, 0, 0, 0, 0, 0, 0, 0, 0, 0, 0, 0, 0, 0, 0, 0, 0, 0, 0, 0, 0, 0, 0, 0, 0, 0, 0, 0, 0, 0, 0, 0, 0, 0, 0, 0, 0, 0, 0, 0, 0, 0, 0, 0, 0, 0, 0, 0, 0, 0, 0, 0, 0, 0, 0, 0, 0, 0, 0, 0, 0, 0, 0, 0, 0, 0, 0, 0, 0, 0, 0, 0, 0, 0, 0, 0, 0, 0, 0, 0, 0, 0, 0], "fp": [6, 5, 10, 14, 15, 19, 11, 9, 12, 13, 14, 12, 12, 10, 11, 13, 10, 10, 12, 12, 10, 19, 7, 5, 12, 12, 14, 11, 15, 14, 9, 9, 29, 6, 13, 12, 16, 11, 13, 7, 8, 18, 10, 12, 7, 11, 10, 12, 13, 14, 10, 13, 13, 12, 13, 8, 9, 10, 9, 25, 11, 9, 10, 11, 10, 15, 13, 8, 25, 17, 12, 10, 9, 24, 8, 13, 12, 5, 17, 12, 13, 11, 10, 13, 11, 12, 14, 11, 12, 12, 14, 11, 13, 13, 13, 12, 13, 13, 14, 10, 12, 22, 12, 14, 11, 12, 13, 12, 8, 10, 12, 29, 10, 11, 11, 11, 16, 12, 11, 13, 11, 14, 10, 11, 8, 11, 15, 9, 19, 12, 14, 12, 11, 12, 11, 11, 12, 12, 11, 13, 10, 13, 13, 12, 10, 11, 14, 17, 13, 17, 12, 10, 11, 15, 10, 13, 14, 13, 16, 9, 15, 13, 12, 13, 14, 11, 13, 10, 16, 17, 7, 15, 10, 7, 15, 12, 13, 15, 11, 12, 9, 13, 12, 10, 11, 12, 12, 15, 12, 11, 13, 10, 8, 10, 17, 9, 3, 7, 18, 13, 14, 9, 13, 11, 7, 7, 15, 17, 13, 11, 13, 9, 10, 11, 15, 10, 15, 10, 15, 11, 14, 11, 15, 9, 12, 10, 12, 12, 13, 14, 14, 2, 21, 15, 13, 13, 11, 9, 11, 15, 5, 17, 10, 11, 14, 7, 11, 10, 10, 13, 9, 11, 11, 9, 11, 12, 11, 8, 12, 11, 11, 11, 13, 9, 12, 12, 13, 12, 11, 10, 13, 12, 12, 10, 12, 11, 16, 7, 16, 12, 14, 13, 4, 13, 13, 16, 14, 9, 12, 11, 12, 11, 13, 13, 17, 11, 10, 12, 12, 12, 12, 10, 19, 4, 15, 14, 9, 16, 11, 13, 11, 11, 10, 14, 12, 9, 10, 14, 11, 13, 12, 11, 10, 12, 12, 11, 11, 11, 10, 11, 10, 15, 13, 11, 14, 14, 14, 7, 10, 13, 12, 10, 20, 10, 15, 21, 13, 15, 6, 15, 11, 15, 8, 20, 14, 9, 10, 12, 9, 23, 10, 11, 11, 13, 13, 12, 11, 11, 14, 15, 6, 25, 15, 12, 7, 12, 13, 9, 11, 14, 14, 11, 13, 12, 14, 13, 6, 12, 13, 14, 12, 10, 13, 10, 8, 9, 10, 8, 9, 13, 18, 9, 8, 14, 16, 11, 13, 17, 11, 9, 12, 12, 9, 20, 4, 9, 14, 12, 9, 14, 9, 7, 7, 24, 16, 14, 12, 8, 12, 10, 13, 16, 9, 10, 7, 10, 15, 11, 11, 13, 11, 13, 11, 10, 12, 7, 16, 7, 13, 14, 18, 17, 10, 17, 9, 10, 17, 7, 14, 11, 13, 19, 9, 7, 18, 9, 13, 12, 10, 15, 11, 8, 13, 13, 11, 14, 12, 10, 5, 5, 11, 8, 19, 13, 9, 8, 9, 4, 5, 7, 8, 13, 17, 17, 9, 12, 13, 7, 8, 12, 13, 16, 11, 19, 9, 8, 4, 11, 8, 10, 12, 15, 10, 5, 25, 6, 16, 11, 11, 14, 6, 11, 11, 10, 14, 14, 11, 10, 9, 16, 9, 12, 15, 7, 8, 10, 20, 15, 7, 11, 17, 9, 4, 12, 9, 10, 6, 9, 14, 4, 13, 17, 16, 8, 14, 12, 15, 9, 3, 12, 7, 12, 13, 8, 14, 14, 11, 14, 16, 10, 15, 9, 9, 14, 14, 10, 14, 15, 7, 9, 14, 6, 17, 14, 28, 7, 11, 12, 10, 10, 10, 8, 8, 13, 9, 7, 12, 8, 15, 13, 9, 22, 11, 8, 13, 8, 15, 12, 10, 11, 12, 10, 13, 10, 11, 19, 11, 19, 9, 9, 10, 13, 7, 14, 11, 11, 8, 14, 12, 8, 15, 14, 6, 5, 16, 14, 20, 7, 5, 27, 12, 8, 10, 14, 11, 14, 14, 14, 9, 14, 4, 12, 7, 12, 13, 6, 8, 4, 12, 12, 23, 11, 7, 20, 3, 12, 15, 8, 11, 13, 12, 11, 15, 12, 16, 13, 12, 13, 17, 19, 22, 8, 12, 14, 17, 9, 12, 11, 13, 24, 16, 17, 12, 9, 11, 14, 13, 8, 18, 9, 9, 11, 14, 10, 12, 14, 13, 17, 11, 10, 11, 9, 17, 10, 13, 9, 7, 9, 8, 13, 11, 9, 7, 13, 9, 8, 13, 15, 16, 11, 10, 9, 10, 11, 7, 11, 11, 8, 20, 19, 10, 13, 7, 23, 11, 8, 10, 29, 8, 20, 11, 6, 9, 12, 7, 10, 13, 12, 10, 19, 17, 6, 12, 15, 10, 8, 17, 8, 12, 9, 16, 10, 13, 7, 13, 13, 11, 17, 9, 12, 18, 8, 24, 12, 5, 9, 7, 23, 11, 11, 10, 8, 7, 11, 16, 16, 7, 23, 13, 8, 10, 12, 12, 17, 18, 12, 7, 13, 13, 9, 17, 10, 8, 9, 13, 11, 10, 18, 12, 18, 10, 18, 16, 12, 11, 13, 8, 10, 11, 10, 19, 25, 12, 11, 14, 10, 11, 3, 7, 9, 8, 11, 14, 10, 19, 7, 21, 13, 14, 10, 11, 15, 9, 12, 21, 13, 21, 11, 9, 11, 39, 8, 11, 9, 7, 37, 8, 19, 10, 14, 7, 13, 13, 13, 13, 9, 8, 11, 4, 6, 14, 14, 10, 5, 13, 10, 7, 12, 10, 6, 9, 12, 19, 12, 15, 11, 12, 10, 9, 13, 11, 18, 17, 11, 10, 15, 8, 11, 7, 4, 5, 4, 18, 12, 7, 12, 13, 17, 8, 8, 9, 9, 11, 20, 8, 18, 21, 14, 10, 8, 13, 8, 10, 15, 17, 10, 14, 11, 12, 11, 19, 12, 12, 12, 11, 14, 14, 4, 13, 11, 9, 12, 8, 13, 9, 10, 12, 11, 11, 9, 10, 8, 17, 14, 24, 14, 8, 11, 9, 17, 13, 11, 11, 17, 11, 18, 16, 12, 19, 16, 16, 11, 13, 10, 13, 12, 14, 11, 12, 13, 14, 12, 16, 16, 10, 15, 24, 12, 15, 8],