{"precision": 0.0009545454545454546, "recall": 1.8333333333333335e-06, "roc_auc": 0.4987323888888889, "tp": [5, 6, 0, 0, 0, 0, 0, 0, 0, 0, 0, 0, 0, 0, 0, 0, 0, 0, 0, 0, 0, 0, 0, 0, 0, 0, 0, 0, 0, 0, 0, 0, 0, 0, 0, 0, 0, 0, 0, 0, 0, 0, 0, 0, 0, 0, 0, 0, 0, 0, 0, 0, 0, 0, 0, 0, 0, 0, 0, 0, 0, 0, 0, 0, 0, 0, 0, 0, 0, 0, 0, 0, 0, 0, 0, 0, 0, 0, 0, 0, 0, 0, 0, 0, 0, 0, 0, 0, 0, 0, 0, 0, 0, 0, 0, 0, 0, 0, 0, 0, 0, 0, 0, 0, 0, 0, 0, 0, 0, 0, 0, 0, 0, 0, 0, 0, 0, 0, 0, 0, 0, 0, 0, 0, 0, 0, 0, 0, 0, 0, 0, 0, 0, 0, 0, 0, 0, 0, 0, 0, 0, 0, 0, 0, 0, 0, 0, 0, 0, 0, 0, 0, 0, 0, 0, 0, 0, 0, 0, 0, 0, 0, 0, 0, 0, 0, 0, 0, 0, 0, 0, 0, 0, 0, 0, 0, 0, 0, 0, 0, 0, 0, 0, 0, 0, 0, 0, 0, 0, 0, 0, 0, 0, 0, 0, 0, 0, 0, 0, 0, 0, 0, 0, 0, 0, 0, 0, 0, 0, 0, 0, 0, 0, 0, 0, 0, 0, 0, 0, 0, 0, 0, 0, 0, 0, 0, 0, 0, 0, 0, 0, 0, 0, 0, 0, 0, 0, 0, 0, 0, 0, 0, 0, 0, 0, 0, 0, 0, 0, 0, 0, 0, 0, 0, 0, 0, 0, 0, 0, 0, 0, 0, 0, 0, 0, 0, 0, 0, 0, 0, 0, 0, 0, 0, 0, 0, 0, 0, 0, 0, 0, 0, 0, 0, 0, 0, 0, 0, 0, 0, 0, 0, 0, 0, 0, 0, 0, 0, 0, 0, 0, 0, 0, 0, 0, 0, 0, 0, 0, 0, 0, 0, 0, 0, 0, 0, 0, 0, 0, 0, 0, 0, 0, 0, 0, 0, 0, 0, 0, 0, 0, 0, 0, 0, 0, 0, 0, 0, 0, 0, 0, 0, 0, 0, 0, 0, 0, 0, 0, 0, 0, 0, 0, 0, 0, 0, 0, 0, 0, 0, 0, 0, 0, 0, 0, 0, 0, 0, 0, 0, 0, 0, 0, 0, 0, 0, 0, 0, 0, 0, 0, 0, 0, 0, 0, 0, 0, 0, 0, 0, 0, 0, 0, 0, 0, 0, 0, 0, 0, 0, 0, 0, 0, 0, 0, 0, 0, 0, 0, 0, 0, 0, 0, 0, 0, 0, 0, 0, 0, 0, 0, 0, 0, 0, 0, 0, 0, 0, 0, 0, 0, 0, 0, 0, 0, 0, 0, 0, 0, 0, 0, 0, 0, 0, 0, 0, 0, 0, 0, 0, 0, 0, 0, 0, 0, 0, 0, 0, 0, 0, 0, 0, 0, 0, 0, 0, 0, 0, 0, 0, 0, 0, 0, 0, 0, 0, 0, 0, 0, 0, 0, 0, 0, 0, 0, 0, 0, 0, 0, 0, 0, 0, 0, 0, 0, 0, 0, 0, 0, 0, 0, 0, 0, 0, 0, 0, 0, 0, 0, 0, 0, 0, 0, 0, 0, 0, 0, 0, 0, 0, 0, 0, 0, 0, 0, 0, 0, 0, 0, 0, 0, 0, 0, 0, 0, 0, 0, 0, 0, 0, 0, 0, 0, 0, 0, 0, 0, 0, 0, 0, 0, 0, 0, 0, 0, 0, 0, 0, 0, 0, 0, 0, 0, 0, 0, 0, 0, 0, 0, 0, 0, 0, 0, 0, 0, 0, 0, 0, 0, 0, 0, 0, 0, 0, 0, 0, 0, 0, 0, 0, 0, 0, 0, 0, 0, 0, 0, 0, 0, 0, 0, 0, 0, 0, 0, 0, 0, 0, 0, 0, 0, 0, 0, 0, 0, 0, 0, 0, 0, 0, 0, 0, 0, 0, 0, 0, 0, 0, 0, 0, 0, 0, 0, 0, 0, 0, 0, 0, 0, 0, 0, 0, 0, 0, 0, 0, 0, 0, 0, 0, 0, 0, 0, 0, 0, 0, 0, 0, 0, 0, 0, 0, 0, 0, 0, 0, 0, 0, 0, 0, 0, 0, 0, 0, 0, 0, 0, 0, 0, 0, 0, 0, 0, 0, 0, 0, 0, 0, 0, 0, 0, 0, 0, 0, 0, 0, 0, 0, 0, 0, 0, 0, 0, 0, 0, 0, 0, 0, 0, 0, 0, 0, 0, 0, 0, 0, 0, 0, 0, 0, 0, 0, 0, 0, 0, 0, 0, 0, 0, 0, 0, 0, 0, 0, 0, 0, 0, 0, 0, 0, 0, 0, 0, 0, 0, 0, 0, 0, 0, 0, 0, 0, 0, 0, 0, 0, 0, 0, 0, 0, 0, 0, 0, 0, 0, 0, 0, 0, 0, 0, 0, 0, 0, 0, 0, 0, 0, 0, 0, 0, 0, 0, 0, 0, 0, 0, 0, 0, 0, 0, 0, 0, 0, 0, 0, 0, 0, 0, 0, 0, 0, 0, 0, 0, 0, 0, 0, 0, 0, 0, 0, 0, 0, 0, 0, 0, 0, 0, 0, 0, 0, 0, 0, 0, 0, 0, 0, 0, 0, 0, 0, 0, 0, 0, 0, 0, 0, 0, 0, 0, 0, 0, 0, 0, 0, 0, 0, 0, 0, 0, 0, 0, 0, 0, 0, 0, 0, 0, 0, 0, 0, 0, 0, 0, 0, 0, 0, 0, 0, 0, 0, 0, 0, 0, 0, 0, 0, 0, 0, 0, 0, 0, 0, 0, 0, 0, 0, 0, 0, 0, 0, 0, 0, 0, 0, 0, 0, 0, 0, 0, 0, 0, 0, 0, 0, 0, 0, 0, 0, 0, 0, 0, 0, 0, 0, 0, 0, 0, 0, 0, 0, 0, 0, 0, 0, 0, 0, 0, 0, 0, 0, 0, 0, 0, 0, 0, 0, 0, 0, 0, 0, 0, 0, 0, 0, 0, 0, 0, 0, 0, 0, 0, 0, 0, 0, 0, 0, 0, 0, 0, 0, 0, 0, 0, 0, 0, 0, 0, 0, 0, 0, 0, 0, 0, 0, 0, 0, 0, 0, 0, 0, 0, 0, 0, 0, 0, 0, 0, 0, 0, 0, 0, 0, 0, 0, 0, 0, 0, 0, 0], "fp": [6, 6, 12, 13, 14, 9, 15, 10, 11, 13, 11, 14, 11, 10, 12, 12, 12, 13, 12, 12, 12, 11, 14, 14, 11, 13, 9, 11, 14, 11, 12, 11, 11, 14, 12, 16, 8, 12, 12, 12, 11, 10, 13, 12, 12, 13, 14, 12, 12, 13, 13, 12, 11, 11, 8, 11, 11, 9, 8, 12, 11, 14, 11, 11, 13, 14, 13, 11, 14, 12, 15, 11, 14, 16, 10, 13, 12, 12, 13, 12, 10, 14, 11, 13, 11, 12, 13, 12, 12, 12, 13, 12, 12, 11, 12, 10, 13, 12, 12, 13, 12, 18, 12, 12, 12, 12, 11, 14, 9, 12, 12, 11, 14, 11, 10, 13, 12, 11, 12, 16, 12, 14, 8, 13, 13, 14, 13, 11, 11, 13, 13, 15, 10, 12, 8, 12, 13, 13, 12, 12, 13, 12, 11, 14, 10, 12, 12, 12, 13, 12, 16, 19, 13, 11, 11, 13, 10, 14, 8, 12, 12, 14, 13, 11, 11, 9, 17, 7, 11, 12, 10, 14, 10, 11, 14, 9, 10, 13, 12, 14, 7, 15, 12, 10, 8, 10, 10, 11, 12, 11, 15, 11, 16, 13, 12, 14, 13, 13, 11, 13, 16, 14, 10, 11, 12, 13, 11, 13, 15, 13, 14, 12, 12, 12, 14, 12, 12, 11, 12, 12, 12, 11, 12, 12, 15, 15, 10, 9, 13, 14, 12, 8, 17, 13, 15, 13, 14, 11, 12, 13, 9, 13, 13, 12, 13, 10, 17, 11, 7, 14, 14, 13, 11, 10, 14, 13, 11, 11, 12, 12, 13, 11, 12, 12, 11, 16, 10, 10, 11, 16, 12, 10, 10, 10, 13, 13, 12, 9, 15, 12, 11, 15, 7, 13, 13, 11, 11, 10, 11, 14, 11, 13, 15, 11, 10, 15, 14, 11, 12, 9, 13, 13, 10, 11, 12, 14, 12, 14, 13, 11, 11, 17, 10, 11, 12, 9, 11, 12, 13, 11, 11, 11, 12, 12, 12, 11, 12, 12, 14, 10, 13, 13, 12, 13, 14, 13, 13, 9, 13, 12, 12, 8, 12, 12, 12, 11, 12, 11, 12, 13, 12, 13, 13, 9, 12, 11, 6, 12, 12, 13, 17, 14, 14, 11, 12, 13, 12, 14, 13, 10, 13, 9, 11, 13, 10, 10, 12, 9, 15, 15, 9, 9, 18, 10, 14, 9, 8, 13, 12, 12, 9, 14, 13, 12, 10, 13, 11, 12, 6, 14, 13, 11, 9, 12, 13, 11, 12, 15, 10, 11, 15, 12, 10, 15, 11, 11, 13, 11, 15, 9, 13, 10, 13, 11, 12, 14, 12, 11, 9, 13, 13, 7, 11, 15, 10, 15, 13, 10, 10, 11, 12, 13, 14, 9, 11, 16, 13, 14, 15, 9, 15, 11, 17, 12, 15, 11, 12, 13, 13, 13, 12, 15, 13, 11, 11, 10, 11, 14, 14, 15, 15, 14, 13, 15, 16, 13, 14, 14, 10, 8, 14, 11, 4, 14, 11, 8, 12, 13, 12, 14, 12, 13, 18, 9, 9, 12, 16, 7, 10, 8, 12, 10, 10, 19, 12, 17, 11, 7, 14, 18, 13, 13, 15, 11, 9, 9, 10, 14, 16, 11, 12, 10, 12, 12, 8, 15, 14, 19, 11, 19, 12, 10, 12, 12, 6, 11, 13, 13, 14, 10, 11, 9, 13, 8, 11, 12, 10, 12, 14, 12, 10, 13, 11, 10, 14, 13, 11, 16, 11, 13, 14, 12, 13, 14, 13, 12, 13, 12, 15, 15, 11, 13, 9, 11, 11, 13, 11, 11, 11, 12, 15, 9, 13, 14, 18, 10, 12, 14, 13, 15, 7, 10, 13, 10, 12, 12, 8, 17, 11, 9, 10, 13, 12, 14, 14, 12, 11, 14, 11, 12, 15, 10, 12, 12, 13, 14, 11, 18, 12, 11, 6, 12, 10, 7, 9, 14, 16, 13, 13, 10, 10, 16, 11, 7, 10, 10, 13, 11, 6, 15, 13, 9, 11, 12, 13, 13, 12, 16, 17, 13, 9, 11, 13, 9, 13, 13, 10, 19, 10, 15, 12, 12, 8, 8, 12, 11, 12, 9, 10, 11, 11, 11, 12, 8, 11, 10, 9, 10, 7, 19, 13, 16, 12, 14, 10, 12, 12, 13, 14, 9, 14, 14, 21, 12, 12, 14, 12, 14, 11, 9, 15, 10, 17, 13, 12, 9, 9, 7, 15, 9, 8, 17, 10, 13, 12, 11, 10, 12, 11, 16, 14, 14, 9, 14, 13, 14, 13, 12, 10, 12, 10, 7, 14, 11, 11, 13, 12, 10, 12, 12, 8, 14, 12, 14, 4, 12, 13, 13, 12, 12, 6, 16, 12, 10, 13, 13, 15, 13, 9, 12, 10, 11, 14, 10, 10, 11, 16, 11, 14, 8, 11, 14, 10, 11, 12, 12, 10, 13, 10, 13, 11, 11, 5, 7, 3, 16, 12, 14, 11, 11, 10, 13, 8, 15, 15, 13, 13, 14, 14, 14, 10, 14, 12, 13, 9, 9, 12, 13, 9, 13, 13, 5, 12, 5, 14, 7, 13, 11, 11, 17, 13, 9, 11, 12, 10, 10, 10, 12, 10, 10, 16, 14, 11, 11, 18, 14, 9, 9, 7, 10, 10, 7, 11, 11, 12, 15, 13, 12, 15, 13, 14, 15, 12, 13, 14, 10, 11, 11, 11, 17, 11, 13, 11, 12, 12, 16, 13, 12, 10, 14, 18, 11, 7, 14, 14, 15, 8, 11, 11, 10, 15, 12, 15, 11, 14, 8, 12, 11, 12, 11, 13, 11, 9, 15, 16, 12, 16, 10, 15, 13, 12, 10, 10, 14, 11, 8, 9, 11, 12, 10, 11, 5, 12, 12, 12, 14, 12, 9, 14, 10, 13, 9, 12, 9, 13, 14, 16, 13, 14, 13, 14, 14, 11, 14, 12, 13, 11, 13, 11, 7, 10, 14, 11, 11, 12, 14, 11, 15, 12, 9, 12, 16, 12, 12, 10, 13, 12, 12, 10, 13, 11, 12, 12, 12, 12, 12, 14, 18, 14, 17, 12, 11, 13, 12, 13, 11, 15, 15, 10, 15, 11, 11, 15, 14, 13, 13, 13, 11, 11, 12, 12, 13, 11, 13, 13, 12, 12, 11, 11, 13],