{"precision": 0.0008166666666666666, "recall": 1.5e-06, "roc_auc": 0.5000043750000001, "tp": [4, 5, 0, 0, 0, 0, 0, 0, 0, 0, 0, 0, 0, 0, 0, 0, 0, 0, 0, 0, 0, 0, 0, 0, 0, 0, 0, 0, 0, 0, 0, 0, 0, 0, 0, 0, 0, 0, 0, 0, 0, 0, 0, 0, 0, 0, 0, 0, 0, 0, 0, 0, 0, 0, 0, 0, 0, 0, 0, 0, 0, 0, 0, 0, 0, 0, 0, 0, 0, 0, 0, 0, 0, 0, 0, 0, 0, 0, 0, 0, 0, 0, 0, 0, 0, 0, 0, 0, 0, 0, 0, 0, 0, 0, 0, 0, 0, 0, 0, 0, 0, 0, 0, 0, 0, 0, 0, 0, 0, 0, 0, 0, 0, 0, 0, 0, 0, 0, 0, 0, 0, 0, 0, 0, 0, 0, 0, 0, 0, 0, 0, 0, 0, 0, 0, 0, 0, 0, 0, 0, 0, 0, 0, 0, 0, 0, 0, 0, 0, 0, 0, 0, 0, 0, 0, 0, 0, 0, 0, 0, 0, 0, 0, 0, 0, 0, 0, 0, 0, 0, 0, 0, 0, 0, 0, 0, 0, 0, 0, 0, 0, 0, 0, 0, 0, 0, 0, 0, 0, 0, 0, 0, 0, 0, 0, 0, 0, 0, 0, 0, 0, 0, 0, 0, 0, 0, 0, 0, 0, 0, 0, 0, 0, 0, 0, 0, 0, 0, 0, 0, 0, 0, 0, 0, 0, 0, 0, 0, 0, 0, 0, 0, 0, 0, 0, 0, 0, 0, 0, 0, 0, 0, 0, 0, 0, 0, 0, 0, 0, 0, 0, 0, 0, 0, 0, 0, 0, 0, 0, 0, 0, 0, 0, 0, 0, 0, 0, 0, 0, 0, 0, 0, 0, 0, 0, 0, 0, 0, 0, 0, 0, 0, 0, 0, 0, 0, 0, 0, 0, 0, 0, 0, 0, 0, 0, 0, 0, 0, 0, 0, 0, 0, 0, 0, 0, 0, 0, 0, 0, 0, 0, 0, 0, 0, 0, 0, 0, 0, 0, 0, 0, 0, 0, 0, 0, 0, 0, 0, 0, 0, 0, 0, 0, 0, 0, 0, 0, 0, 0, 0, 0, 0, 0, 0, 0, 0, 0, 0, 0, 0, 0, 0, 0, 0, 0, 0, 0, 0, 0, 0, 0, 0, 0, 0, 0, 0, 0, 0, 0, 0, 0, 0, 0, 0, 0, 0, 0, 0, 0, 0, 0, 0, 0, 0, 0, 0, 0, 0, 0, 0, 0, 0, 0, 0, 0, 0, 0, 0, 0, 0, 0, 0, 0, 0, 0, 0, 0, 0, 0, 0, 0, 0, 0, 0, 0, 0, 0, 0, 0, 0, 0, 0, 0, 0, 0, 0, 0, 0, 0, 0, 0, 0, 0, 0, 0, 0, 0, 0, 0, 0, 0, 0, 0, 0, 0, 0, 0, 0, 0, 0, 0, 0, 0, 0, 0, 0, 0, 0, 0, 0, 0, 0, 0, 0, 0, 0, 0, 0, 0, 0, 0, 0, 0, 0, 0, 0, 0, 0, 0, 0, 0, 0, 0, 0, 0, 0, 0, 0, 0, 0, 0, 0, 0, 0, 0, 0, 0, 0, 0, 0, 0, 0, 0, 0, 0, 0, 0, 0, 0, 0, 0, 0, 0, 0, 0, 0, 0, 0, 0, 0, 0, 0, 0, 0, 0, 0, 0, 0, 0, 0, 0, 0, 0, 0, 0, 0, 0, 0, 0, 0, 0, 0, 0, 0, 0, 0, 0, 0, 0, 0, 0, 0, 0, 0, 0, 0, 0, 0, 0, 0, 0, 0, 0, 0, 0, 0, 0, 0, 0, 0, 0, 0, 0, 0, 0, 0, 0, 0, 0, 0, 0, 0, 0, 0, 0, 0, 0, 0, 0, 0, 0, 0, 0, 0, 0, 0, 0, 0, 0, 0, 0, 0, 0, 0, 0, 0, 0, 0, 0, 0, 0, 0, 0, 0, 0, 0, 0, 0, 0, 0, 0, 0, 0, 0, 0, 0, 0, 0, 0, 0, 0, 0, 0, 0, 0, 0, 0, 0, 0, 0, 0, 0, 0, 0, 0, 0, 0, 0, 0, 0, 0, 0, 0, 0, 0, 0, 0, 0, 0, 0, 0, 0, 0, 0, 0, 0, 0, 0, 0, 0, 0, 0, 0, 0, 0, 0, 0, 0, 0, 0, 0, 0, 0, 0, 0, 0, 0, 0, 0, 0, 0, 0, 0, 0, 0, 0, 0, 0, 0, 0, 0, 0, 0, 0, 0, 0, 0, 0, 0, 0, 0, 0, 0, 0, 0, 0, 0, 0, 0, 0, 0, 0, 0, 0, 0, 0, 0, 0, 0, 0, 0, 0, 0, 0, 0, 0, 0, 0, 0, 0, 0, 0, 0, 0, 0, 0, 0, 0, 0, 0, 0, 0, 0, 0, 0, 0, 0, 0, 0, 0, 0, 0, 0, 0, 0, 0, 0, 0, 0, 0, 0, 0, 0, 0, 0, 0, 0, 0, 0, 0, 0, 0, 0, 0, 0, 0, 0, 0, 0, 0, 0, 0, 0, 0, 0, 0, 0, 0, 0, 0, 0, 0, 0, 0, 0, 0, 0, 0, 0, 0, 0, 0, 0, 0, 0, 0, 0, 0, 0, 0, 0, 0, 0, 0, 0, 0, 0, 0, 0, 0, 0, 0, 0, 0, 0, 0, 0, 0, 0, 0, 0, 0, 0, 0, 0, 0, 0, 0, 0, 0, 0, 0, 0, 0, 0, 0, 0, 0, 0, 0, 0, 0, 0, 0, 0, 0, 0, 0, 0, 0, 0, 0, 0, 0, 0, 0, 0, 0, 0, 0, 0, 0, 0, 0, 0, 0, 0, 0, 0, 0, 0, 0, 0, 0, 0, 0, 0, 0, 0, 0, 0, 0, 0, 0, 0, 0, 0, 0, 0, 0, 0, 0, 0, 0, 0, 0, 0, 0, 0, 0, 0, 0, 0, 0, 0, 0, 0, 0, 0, 0, 0, 0, 0, 0, 0, 0, 0, 0, 0, 0, 0, 0, 0, 0, 0, 0, 0, 0, 0, 0, 0, 0, 0, 0, 0, 0, 0, 0, 0, 0, 0, 0, 0, 0, 0, 0, 0, 0, 0, 0, 0, 0, 0, 0, 0, 0, 0, 0, 0, 0, 0, 0, 0, 0, 0, 0, 0, 0, 0, 0, 0, 0, 0, 0, 0, 0, 0, 0, 0, 0], "fp": [6, 7, 13, 22, 8, 6, 14, 6, 21, 12, 13, 13, 11, 13, 13, 12, 14, 8, 14, 12, 11, 12, 13, 15, 12, 9, 13, 6, 14, 11, 6, 19, 13, 13, 14, 11, 14, 8, 16, 19, 9, 8, 18, 7, 11, 11, 15, 10, 11, 9, 19, 16, 18, 12, 11, 12, 20, 8, 13, 12, 10, 9, 13, 11, 10, 8, 13, 8, 12, 7, 13, 12, 8, 8, 17, 12, 13, 14, 10, 17, 9, 11, 11, 12, 14, 12, 14, 12, 12, 14, 13, 10, 11, 11, 15, 11, 14, 7, 14, 16, 11, 13, 10, 5, 13, 11, 7, 14, 12, 14, 10, 13, 14, 17, 7, 14, 7, 11, 11, 22, 6, 11, 11, 5, 22, 12, 10, 12, 9, 11, 12, 10, 17, 10, 7, 13, 14, 9, 9, 13, 9, 12, 12, 14, 13, 13, 13, 13, 12, 12, 13, 18, 4, 16, 14, 11, 15, 14, 8, 16, 6, 11, 13, 7, 11, 11, 16, 10, 8, 10, 7, 16, 10, 13, 11, 10, 17, 14, 14, 8, 13, 10, 14, 10, 14, 7, 9, 19, 9, 14, 12, 15, 11, 19, 6, 11, 16, 12, 18, 7, 16, 5, 11, 14, 11, 14, 8, 17, 14, 12, 12, 8, 15, 13, 14, 12, 10, 15, 12, 14, 13, 13, 10, 16, 9, 12, 13, 10, 10, 14, 10, 14, 16, 10, 14, 17, 17, 11, 15, 13, 4, 10, 15, 15, 10, 12, 12, 14, 24, 11, 7, 19, 7, 13, 13, 7, 15, 15, 12, 13, 12, 12, 12, 17, 7, 10, 10, 16, 10, 14, 13, 2, 10, 16, 7, 11, 13, 16, 15, 12, 9, 10, 7, 14, 14, 18, 12, 14, 12, 11, 13, 13, 18, 13, 16, 14, 13, 10, 13, 13, 12, 11, 11, 14, 13, 15, 11, 9, 14, 14, 8, 19, 6, 8, 14, 15, 12, 9, 12, 9, 13, 7, 14, 12, 12, 14, 9, 16, 13, 9, 7, 19, 9, 12, 14, 10, 14, 9, 13, 6, 13, 10, 13, 12, 12, 7, 12, 12, 17, 10, 11, 12, 10, 16, 12, 12, 15, 9, 13, 9, 15, 9, 13, 12, 12, 12, 14, 14, 10, 11, 22, 5, 11, 15, 11, 15, 11, 9, 9, 10, 15, 5, 18, 10, 15, 12, 11, 12, 12, 10, 7, 10, 8, 10, 6, 16, 12, 14, 11, 13, 8, 12, 10, 12, 12, 13, 8, 10, 10, 18, 13, 15, 14, 11, 11, 10, 7, 17, 13, 11, 12, 15, 11, 12, 12, 14, 15, 14, 13, 12, 13, 8, 10, 15, 12, 10, 13, 12, 8, 12, 13, 12, 4, 4, 7, 9, 18, 6, 14, 16, 11, 11, 12, 13, 12, 14, 7, 24, 7, 9, 16, 8, 15, 16, 15, 15, 12, 12, 15, 14, 11, 19, 15, 7, 10, 13, 11, 8, 10, 12, 13, 9, 5, 12, 12, 11, 13, 21, 9, 17, 14, 14, 17, 7, 13, 14, 13, 15, 9, 10, 13, 13, 11, 14, 5, 16, 18, 8, 11, 16, 11, 12, 7, 20, 16, 13, 11, 18, 12, 10, 13, 11, 13, 8, 12, 11, 15, 22, 14, 9, 12, 8, 17, 11, 12, 8, 9, 7, 14, 12, 11, 8, 13, 16, 9, 13, 12, 11, 10, 14, 11, 10, 11, 14, 12, 14, 8, 11, 17, 13, 14, 13, 12, 15, 13, 11, 13, 11, 13, 10, 19, 15, 10, 10, 14, 12, 9, 9, 15, 15, 12, 14, 18, 8, 13, 4, 11, 16, 14, 9, 7, 10, 15, 11, 13, 14, 15, 13, 12, 11, 11, 11, 5, 15, 12, 8, 13, 12, 10, 12, 21, 12, 9, 16, 16, 9, 13, 17, 16, 17, 7, 14, 8, 11, 18, 12, 16, 11, 9, 15, 11, 10, 14, 9, 15, 11, 14, 18, 12, 9, 13, 11, 8, 18, 9, 11, 12, 8, 11, 11, 16, 14, 20, 13, 12, 10, 9, 14, 6, 14, 14, 15, 7, 11, 4, 13, 17, 14, 12, 14, 11, 10, 11, 16, 14, 7, 9, 11, 10, 17, 7, 26, 12, 7, 8, 11, 12, 16, 12, 6, 13, 4, 8, 13, 9, 11, 13, 14, 19, 7, 11, 12, 14, 19, 10, 16, 10, 7, 13, 11, 12, 20, 9, 13, 9, 9, 12, 12, 16, 15, 14, 11, 18, 14, 13, 20, 13, 12, 10, 8, 8, 13, 14, 9, 8, 9, 14, 10, 14, 11, 12, 6, 8, 12, 7, 15, 8, 10, 10, 18, 12, 16, 9, 10, 15, 12, 12, 17, 5, 13, 11, 17, 14, 13, 11, 17, 15, 13, 11, 14, 12, 8, 10, 10, 11, 9, 12, 13, 16, 13, 13, 10, 4, 15, 5, 9, 13, 12, 15, 5, 10, 14, 10, 13, 14, 14, 8, 16, 7, 7, 7, 10, 15, 11, 18, 11, 8, 13, 16, 12, 7, 5, 11, 10, 15, 11, 9, 13, 13, 7, 14, 7, 9, 11, 11, 13, 11, 12, 12, 16, 13, 15, 9, 9, 22, 14, 7, 13, 8, 11, 10, 12, 16, 11, 12, 8, 9, 14, 17, 17, 14, 23, 10, 11, 18, 14, 8, 10, 13, 10, 10, 12, 9, 12, 9, 12, 12, 13, 17, 12, 20, 8, 13, 13, 9, 7, 15, 13, 13, 11, 15, 11, 15, 14, 9, 5, 12, 14, 13, 10, 7, 11, 14, 12, 21, 15, 16, 10, 16, 11, 11, 5, 7, 11, 12, 16, 8, 8, 6, 14, 16, 7, 8, 13, 12, 15, 7, 17, 7, 12, 10, 10, 6, 10, 11, 7, 9, 13, 15, 14, 10, 11, 13, 12, 10, 13, 12, 16, 13, 12, 9, 14, 12, 13, 14, 18, 12, 19, 13, 11, 11, 15, 14, 11, 12, 11, 11, 11, 12, 10, 10, 11, 13, 13, 13, 14, 13, 13, 18, 11, 14, 10, 17, 13, 13, 15, 14, 12, 11, 18, 13, 11, 7, 8, 12, 12, 12, 10, 13, 10, 8, 12, 16, 7, 11, 8, 12, 8, 9, 11],