{"precision": 0.001, "recall": 1.8333333333333335e-06, "roc_auc": 0.4992092222222222, "tp": [6, 5, 0, 0, 0, 0, 0, 0, 0, 0, 0, 0, 0, 0, 0, 0, 0, 0, 0, 0, 0, 0, 0, 0, 0, 0, 0, 0, 0, 0, 0, 0, 0, 0, 0, 0, 0, 0, 0, 0, 0, 0, 0, 0, 0, 0, 0, 0, 0, 0, 0, 0, 0, 0, 0, 0, 0, 0, 0, 0, 0, 0, 0, 0, 0, 0, 0, 0, 0, 0, 0, 0, 0, 0, 0, 0, 0, 0, 0, 0, 0, 0, 0, 0, 0, 0, 0, 0, 0, 0, 0, 0, 0, 0, 0, 0, 0, 0, 0, 0, 0, 0, 0, 0, 0, 0, 0, 0, 0, 0, 0, 0, 0, 0, 0, 0, 0, 0, 0, 0, 0, 0, 0, 0, 0, 0, 0, 0, 0, 0, 0, 0, 0, 0, 0, 0, 0, 0, 0, 0, 0, 0, 0, 0, 0, 0, 0, 0, 0, 0, 0, 0, 0, 0, 0, 0, 0, 0, 0, 0, 0, 0, 0, 0, 0, 0, 0, 0, 0, 0, 0, 0, 0, 0, 0, 0, 0, 0, 0, 0, 0, 0, 0, 0, 0, 0, 0, 0, 0, 0, 0, 0, 0, 0, 0, 0, 0, 0, 0, 0, 0, 0, 0, 0, 0, 0, 0, 0, 0, 0, 0, 0, 0, 0, 0, 0, 0, 0, 0, 0, 0, 0, 0, 0, 0, 0, 0, 0, 0, 0, 0, 0, 0, 0, 0, 0, 0, 0, 0, 0, 0, 0, 0, 0, 0, 0, 0, 0, 0, 0, 0, 0, 0, 0, 0, 0, 0, 0, 0, 0, 0, 0, 0, 0, 0, 0, 0, 0, 0, 0, 0, 0, 0, 0, 0, 0, 0, 0, 0, 0, 0, 0, 0, 0, 0, 0, 0, 0, 0, 0, 0, 0, 0, 0, 0, 0, 0, 0, 0, 0, 0, 0, 0, 0, 0, 0, 0, 0, 0, 0, 0, 0, 0, 0, 0, 0, 0, 0, 0, 0, 0, 0, 0, 0, 0, 0, 0, 0, 0, 0, 0, 0, 0, 0, 0, 0, 0, 0, 0, 0, 0, 0, 0, 0, 0, 0, 0, 0, 0, 0, 0, 0, 0, 0, 0, 0, 0, 0, 0, 0, 0, 0, 0, 0, 0, 0, 0, 0, 0, 0, 0, 0, 0, 0, 0, 0, 0, 0, 0, 0, 0, 0, 0, 0, 0, 0, 0, 0, 0, 0, 0, 0, 0, 0, 0, 0, 0, 0, 0, 0, 0, 0, 0, 0, 0, 0, 0, 0, 0, 0, 0, 0, 0, 0, 0, 0, 0, 0, 0, 0, 0, 0, 0, 0, 0, 0, 0, 0, 0, 0, 0, 0, 0, 0, 0, 0, 0, 0, 0, 0, 0, 0, 0, 0, 0, 0, 0, 0, 0, 0, 0, 0, 0, 0, 0, 0, 0, 0, 0, 0, 0, 0, 0, 0, 0, 0, 0, 0, 0, 0, 0, 0, 0, 0, 0, 0, 0, 0, 0, 0, 0, 0, 0, 0, 0, 0, 0, 0, 0, 0, 0, 0, 0, 0, 0, 0, 0, 0, 0, 0, 0, 0, 0, 0, 0, 0, 0, 0, 0, 0, 0, 0, 0, 0, 0, 0, 0, 0, 0, 0, 0, 0, 0, 0, 0, 0, 0, 0, 0, 0, 0, 0, 0, 0, 0, 0, 0, 0, 0, 0, 0, 0, 0, 0, 0, 0, 0, 0, 0, 0, 0, 0, 0, 0, 0, 0, 0, 0, 0, 0, 0, 0, 0, 0, 0, 0, 0, 0, 0, 0, 0, 0, 0, 0, 0, 0, 0, 0, 0, 0, 0, 0, 0, 0, 0, 0, 0, 0, 0, 0, 0, 0, 0, 0, 0, 0, 0, 0, 0, 0, 0, 0, 0, 0, 0, 0, 0, 0, 0, 0, 0, 0, 0, 0, 0, 0, 0, 0, 0, 0, 0, 0, 0, 0, 0, 0, 0, 0, 0, 0, 0, 0, 0, 0, 0, 0, 0, 0, 0, 0, 0, 0, 0, 0, 0, 0, 0, 0, 0, 0, 0, 0, 0, 0, 0, 0, 0, 0, 0, 0, 0, 0, 0, 0, 0, 0, 0, 0, 0, 0, 0, 0, 0, 0, 0, 0, 0, 0, 0, 0, 0, 0, 0, 0, 0, 0, 0, 0, 0, 0, 0, 0, 0, 0, 0, 0, 0, 0, 0, 0, 0, 0, 0, 0, 0, 0, 0, 0, 0, 0, 0, 0, 0, 0, 0, 0, 0, 0, 0, 0, 0, 0, 0, 0, 0, 0, 0, 0, 0, 0, 0, 0, 0, 0, 0, 0, 0, 0, 0, 0, 0, 0, 0, 0, 0, 0, 0, 0, 0, 0, 0, 0, 0, 0, 0, 0, 0, 0, 0, 0, 0, 0, 0, 0, 0, 0, 0, 0, 0, 0, 0, 0, 0, 0, 0, 0, 0, 0, 0, 0, 0, 0, 0, 0, 0, 0, 0, 0, 0, 0, 0, 0, 0, 0, 0, 0, 0, 0, 0, 0, 0, 0, 0, 0, 0, 0, 0, 0, 0, 0, 0, 0, 0, 0, 0, 0, 0, 0, 0, 0, 0, 0, 0, 0, 0, 0, 0, 0, 0, 0, 0, 0, 0, 0, 0, 0, 0, 0, 0, 0, 0, 0, 0, 0, 0, 0, 0, 0, 0, 0, 0, 0, 0, 0, 0, 0, 0, 0, 0, 0, 0, 0, 0, 0, 0, 0, 0, 0, 0, 0, 0, 0, 0, 0, 0, 0, 0, 0, 0, 0, 0, 0, 0, 0, 0, 0, 0, 0, 0, 0, 0, 0, 0, 0, 0, 0, 0, 0, 0, 0, 0, 0, 0, 0, 0, 0, 0, 0, 0, 0, 0, 0, 0, 0, 0, 0, 0, 0, 0, 0, 0, 0, 0, 0, 0, 0, 0, 0, 0, 0, 0, 0, 0, 0, 0, 0, 0, 0, 0, 0, 0, 0, 0, 0, 0, 0, 0, 0, 0, 0, 0, 0, 0, 0, 0, 0, 0, 0, 0, 0, 0, 0, 0, 0, 0, 0, 0, 0, 0, 0, 0, 0, 0, 0, 0, 0, 0, 0, 0, 0, 0, 0, 0, 0, 0, 0, 0, 0, 0, 0, 0, 0, 0, 0, 0, 0, 0, 0, 0, 0], "fp": [5, 6, 13, 16, 8, 7, 15, 10, 12, 11, 13, 12, 13, 12, 13, 13, 12, 8, 13, 13, 11, 8, 12, 12, 12, 14, 13, 6, 10, 12, 9, 23, 7, 14, 9, 13, 10, 10, 13, 20, 13, 11, 16, 7, 8, 8, 31, 8, 7, 15, 9, 14, 16, 6, 9, 16, 43, 7, 13, 7, 12, 7, 10, 10, 10, 13, 5, 5, 6, 9, 9, 11, 13, 13, 9, 12, 11, 16, 8, 17, 12, 10, 9, 13, 13, 6, 19, 13, 13, 12, 12, 12, 16, 12, 13, 9, 14, 16, 9, 12, 9, 18, 8, 8, 14, 13, 10, 10, 14, 14, 16, 12, 16, 15, 15, 12, 7, 12, 15, 18, 6, 12, 13, 8, 12, 11, 12, 10, 11, 11, 12, 12, 15, 12, 11, 13, 8, 10, 12, 14, 8, 14, 12, 13, 14, 12, 12, 12, 12, 10, 15, 20, 5, 12, 13, 14, 18, 13, 7, 14, 18, 10, 18, 6, 7, 8, 19, 4, 8, 7, 8, 17, 11, 13, 10, 7, 9, 15, 12, 12, 13, 11, 12, 13, 11, 11, 12, 30, 12, 6, 10, 12, 7, 10, 9, 14, 16, 11, 16, 8, 27, 5, 11, 14, 11, 13, 4, 13, 12, 11, 13, 14, 8, 18, 12, 7, 11, 13, 19, 14, 5, 12, 13, 12, 7, 8, 11, 5, 12, 7, 12, 15, 18, 6, 13, 19, 15, 17, 18, 14, 5, 8, 13, 12, 14, 14, 16, 12, 27, 12, 4, 15, 5, 12, 13, 6, 13, 12, 12, 13, 11, 10, 5, 20, 11, 12, 15, 17, 11, 14, 12, 4, 12, 10, 6, 10, 14, 21, 13, 13, 12, 19, 5, 14, 12, 9, 13, 12, 12, 12, 11, 12, 19, 12, 14, 17, 12, 4, 11, 13, 9, 14, 29, 12, 18, 11, 10, 7, 17, 12, 8, 11, 8, 13, 9, 12, 9, 5, 7, 11, 13, 10, 11, 13, 14, 11, 10, 11, 11, 7, 10, 14, 12, 14, 16, 13, 10, 14, 13, 7, 13, 11, 12, 12, 14, 6, 10, 11, 16, 9, 10, 5, 15, 18, 12, 12, 21, 8, 11, 6, 15, 9, 13, 10, 15, 12, 15, 12, 19, 7, 22, 7, 11, 27, 17, 13, 9, 4, 7, 10, 9, 5, 15, 11, 11, 7, 12, 13, 13, 10, 8, 17, 6, 10, 9, 12, 13, 9, 12, 12, 9, 12, 15, 10, 12, 9, 16, 16, 9, 18, 10, 16, 18, 4, 12, 12, 9, 15, 22, 13, 6, 20, 6, 11, 13, 13, 15, 16, 9, 5, 12, 8, 8, 13, 18, 11, 11, 14, 5, 7, 17, 15, 6, 7, 15, 7, 12, 9, 17, 14, 11, 7, 9, 11, 15, 5, 5, 22, 16, 15, 14, 9, 11, 18, 12, 11, 13, 13, 13, 11, 16, 12, 17, 7, 10, 13, 12, 11, 11, 12, 13, 8, 6, 12, 14, 12, 8, 12, 11, 13, 15, 13, 11, 16, 11, 12, 14, 15, 9, 10, 12, 10, 9, 7, 11, 15, 33, 10, 19, 9, 15, 14, 11, 11, 11, 16, 10, 13, 12, 12, 15, 10, 7, 9, 8, 12, 12, 15, 13, 18, 8, 12, 15, 9, 10, 13, 14, 15, 13, 13, 14, 10, 10, 16, 10, 12, 14, 12, 15, 11, 12, 13, 9, 17, 12, 14, 8, 13, 10, 15, 14, 11, 16, 14, 14, 12, 15, 20, 15, 11, 16, 10, 12, 12, 18, 11, 12, 5, 11, 12, 13, 12, 17, 6, 9, 9, 13, 11, 12, 13, 9, 9, 16, 8, 12, 12, 9, 12, 18, 13, 10, 13, 8, 21, 12, 16, 6, 12, 15, 12, 15, 10, 8, 14, 17, 17, 12, 13, 10, 10, 4, 16, 8, 18, 16, 14, 16, 9, 11, 15, 11, 18, 11, 7, 12, 11, 10, 18, 13, 11, 11, 12, 6, 22, 12, 11, 14, 12, 9, 14, 10, 14, 33, 7, 13, 14, 12, 15, 7, 15, 12, 13, 7, 14, 14, 7, 7, 11, 12, 13, 18, 12, 15, 9, 11, 10, 9, 9, 8, 22, 6, 14, 13, 13, 10, 10, 16, 16, 12, 6, 8, 6, 10, 10, 8, 12, 14, 11, 13, 6, 8, 13, 10, 13, 11, 8, 14, 5, 12, 16, 14, 12, 6, 13, 10, 12, 13, 10, 12, 14, 12, 15, 14, 12, 13, 18, 6, 8, 11, 11, 11, 7, 13, 15, 11, 11, 13, 12, 20, 6, 8, 11, 12, 11, 7, 8, 10, 9, 6, 10, 11, 12, 14, 15, 16, 10, 11, 11, 8, 13, 11, 15, 17, 11, 19, 13, 10, 9, 13, 12, 11, 11, 9, 12, 15, 14, 14, 16, 12, 12, 11, 14, 1, 7, 10, 11, 16, 19, 13, 9, 14, 11, 17, 7, 11, 6, 7, 12, 7, 15, 10, 10, 13, 16, 11, 19, 10, 16, 15, 13, 11, 9, 12, 11, 21, 12, 9, 13, 6, 13, 13, 10, 5, 12, 9, 16, 8, 11, 8, 13, 9, 13, 12, 13, 17, 8, 12, 20, 9, 10, 10, 10, 12, 11, 16, 6, 16, 14, 16, 16, 17, 20, 15, 14, 18, 8, 8, 11, 16, 10, 10, 10, 16, 12, 11, 12, 15, 12, 16, 15, 15, 9, 14, 13, 14, 12, 13, 7, 9, 14, 9, 13, 14, 12, 7, 5, 14, 13, 11, 17, 12, 13, 20, 24, 14, 16, 14, 14, 10, 8, 12, 2, 6, 18, 17, 14, 4, 9, 6, 10, 17, 10, 12, 10, 11, 12, 14, 17, 9, 12, 16, 17, 9, 11, 11, 11, 12, 16, 11, 16, 18, 12, 7, 11, 14, 13, 11, 13, 13, 13, 14, 12, 13, 14, 11, 13, 9, 16, 11, 12, 9, 11, 12, 13, 10, 12, 10, 12, 12, 12, 12, 7, 8, 11, 11, 15, 15, 14, 14, 14, 10, 12, 14, 27, 12, 14, 9, 13, 10, 19, 12, 19, 11, 13, 11, 11, 7, 12, 13, 9, 11, 13, 10, 6, 7, 9, 14, 8, 5, 12],